19/05/2016,"Reference: AT161410021000010079101"," 9.30","LEON MOORGATE LONDON"," Process Date 19/05/2016",
19/05/2016,"Reference: AT161410021000010097926"," 9.70","MARKS & SPENCER PLC LONDON"," Process Date 20/05/2016",
19/05/2016,"Reference: AT161410021000010074026"," 4.49","POD FOOD LONDON","Pod Food Ltd/Grace Church Stre Process Date 19/05/2016  Pod Food Ltd/Grace Church Stre",
19/04/2016,"Reference: AT161110021000010080199"," 6.95","LEON (SPITALFIELDS) LONDON"," Process Date 19/04/2016",
19/04/2016,"Reference: AT161110021000010094166"," 7.55","MARKS & SPENCER PLC LONDON"," Process Date 20/04/2016",
19/04/2016,"Reference: AT161110021000010086383"," 3.13","MARKS & SPENCER- FENCHU LONDON","RETAIL GOODS Process Date 20/04/2016  RETAIL GOODS",
20/04/2016,"Reference: AT161120023000010091358"," 2.53","TESCO SELF SERVICE LONDON"," Process Date 21/04/2016",
21/04/2016,"Reference: AT161140010000010055810"," 41.10","HOGSHEAD - TURF TAVERN OXFORD"," Process Date 22/04/2016",
21/04/2016,"Reference: AT161130025000010097685"," 3.40","TESCO SELF SERVICE OXFORD"," Process Date 22/04/2016",
21/04/2016,"Reference: AT161130025000010097684"," 1.31","TESCO STORES 6167 OXFORD"," Process Date 22/04/2016",
22/04/2016,"Reference: AT161160019000010095706"," 184.10","MERCURE OXFORD EASTGATE OXFORD","MERCHANDISE Process Date 25/04/2016  MERCHANDISE",
22/04/2016,"Reference: AT161140010000010063603"," 41.75","Shell 052015 Shell Head Oxford"," Process Date 22/04/2016",
23/04/2016,"Reference: AT161150010000010101050"," 4.75","COSTA ST. PANCRAS LONDON","HOSPITALITY-GOODS-SERVICES Process Date 24/04/2016  HOSPITALITY-GOODS-SERVICES",
26/04/2016,"Reference: AT161180021000010079664"," 6.85","LEON (SPITALFIELDS) LONDON"," Process Date 26/04/2016",
26/04/2016,"Reference: AT161180021000010088499"," 1.53","TESCO STORES 2097 LONDON"," Process Date 27/04/2016",
27/04/2016,"Reference: AT161190019000010079309"," 24.99","AMAZON SVCS EUROPE,SAR AMAZON.CO.UK"," Process Date 27/04/2016",
27/04/2016,"Reference: AT161190019000010094071"," 3.93","TESCO STORES 2097 LONDON"," Process Date 28/04/2016",
28/04/2016,"Reference: AT161200015000010093232"," 8.29","CHILANGOS LONDON","GOODS OR SERVICES Process Date 28/04/2016  GOODS OR SERVICES",
28/04/2016,"Reference: AT161200015000010081257"," 5.99","ITSU LONDON","ITSU 047 Spital Square Process Date 28/04/2016  ITSU 047 Spital Square",
28/04/2016,"Reference: AT161200015000010092055"," 2.53","MARKS & SPENCER- FENCHU LONDON","RETAIL GOODS Process Date 28/04/2016  RETAIL GOODS",
29/04/2016,"Reference: AT161200056000010003187"," -375.87","PAYMENT RECEIVED - THANK YOU"," Process Date 29/04/2016",
29/04/2016,"Reference: AT161210009000010071453"," 4.49","POD FOOD LONDON","Pod Food Ltd/Grace Church Stre Process Date 29/04/2016  Pod Food Ltd/Grace Church Stre",
29/04/2016,"Reference: AT161210009000010071454"," 2.40","POD FOOD LONDON","Pod Food Ltd/Grace Church Stre Process Date 29/04/2016  Pod Food Ltd/Grace Church Stre",
30/04/2016,"Reference: AT161220010000010061749"," 9.57","BOOTS THE CHEMIST GATWICK","MERCHANDISE Process Date 30/04/2016  MERCHANDISE",
30/04/2016,"Reference: AT161220010000010084953"," 41.40","JAMIES ITALIAN GATWICK GATWICK","GOODS OR SERVICES Process Date 30/04/2016  GOODS OR SERVICES",
30/04/2016,"Reference: AT161220010000010073031"," 353.40","ONE CALL INSURANCE SERV DONCASTER","na Process Date 30/04/2016  na",
30/04/2016,"Reference: AT161220010000010057029"," 5.49","PRET A MANGER GATWICK AIRPORT"," Process Date 30/04/2016",
02/05/2016,"Reference: AT161240019000010067840"," 221.13","GEANT CASINO GASSIN","273,76 EUR COMM.FEE 6.42 Process Date 02/05/2016 Currency Conversion Rate 1.275 Commission Amount 6.42",
02/05/2016,"Reference: AT161240019000010103995"," 10.30","GRO INFLIGHT SHOP LUTON"," Process Date 03/05/2016",
14/05/2016,"Reference: AT161370017000010098867"," 240.97","EUROPCAR FRANCE ST QUENTIN YVEL","296,51 EUR COMM.FEE 7.00 Process Date 16/05/2016 Currency Conversion Rate 1.2672 Commission Amount 7.00",
15/05/2016,"Reference: AT161370017000010079243"," 19.99","AMAZON UK RETAIL AMAZON.CO.UK"," Process Date 15/05/2016",
15/05/2016,"Reference: AT161370017000010058349"," 18.55","SAINSBURY'S SPRMRKTS LT SUTTON"," Process Date 15/05/2016",
16/05/2016,"Reference: AT161370069000010004804"," 2.10","AMAZON UK MARKETPLACE 800-279-6620"," Process Date 16/05/2016",
16/05/2016,"Reference: AT161370069000010004906"," 12.99","AMAZON UK MARKETPLACE 800-279-6620"," Process Date 16/05/2016",
16/05/2016,"Reference: AT161370069000010007332"," 2.20","AMAZON UK MARKETPLACE 800-279-6620"," Process Date 16/05/2016",
16/05/2016,"Reference: AT161380021000010094092"," 6.03","TESCO SELF SERVICE LONDON"," Process Date 17/05/2016",
17/05/2016,"Reference: AT161390017000010084257"," 6.99","AMAZON UK RETAIL AMAZON.CO.UK"," Process Date 17/05/2016",
17/05/2016,"Reference: AT161390017000010082552"," 8.48","PREZZO SUTTON","3262 - Prezzo CHEAM Process Date 17/05/2016  3262 - Prezzo CHEAM",
17/05/2016,"Reference: AT161390017000010091584"," 1.53","TESCO STORES 2097 LONDON"," Process Date 18/05/2016",
18/05/2016,"Reference: AT161400021000010090948"," 1.79","TESCO SELF SERVICE LONDON"," Process Date 19/05/2016",
18/03/2016,"Reference: AT160790009000010086762"," 6.79","ITSU LONDON","ITSU 047 Spital Square Process Date 18/03/2016  ITSU 047 Spital Square",
18/03/2016,"Reference: AT160790009000010090314"," 3.53","TESCO SELF SERVICE LONDON"," Process Date 19/03/2016",
18/03/2016,"Reference: AT160790009000010069132"," 5.82","WAITROSE CHEAM SUTTON","559 Cheam Process Date 18/03/2016  559 Cheam",
19/03/2016,"Reference: AT160800009000010083277"," 3.50","RICHMOND HILL HOTEL (OP RICHMOND"," Process Date 19/03/2016",
19/03/2016,"Reference: AT160800009000010060137"," 19.00","SAINSBURY'S SUPERMARKET RICHMOND"," Process Date 19/03/2016",
19/03/2016,"Reference: AT160800009000010090546"," 35.61","TESCO STORES 3235 SUTTON"," Process Date 20/03/2016",
19/03/2016,"Reference: AT160800009000010090550"," 4.00","TESCO STORES 3235 SUTTON"," Process Date 20/03/2016",
21/03/2016,"Reference: AT160820001000010009985"," -260.89","PAYMENT RECEIVED - THANK YOU"," Process Date 22/03/2016",
21/03/2016,"Reference: AT160820016000010099719"," 16.40","POST OFFICE UPPER MULGR SUTTON"," Process Date 22/03/2016",
23/03/2016,"Reference: AT160840021000010066400"," 4.40","WAITROSE CHEAM SUTTON","559 Cheam Process Date 23/03/2016  559 Cheam",
24/03/2016,"Reference: AT160840039000010003016"," 6.50","AMAZON UK MARKETPLACE 800-279-6620"," Process Date 24/03/2016",
24/03/2016,"Reference: AT160840039000010004562"," 11.00","AMAZON UK MARKETPLACE 800-279-6620"," Process Date 24/03/2016",
24/03/2016,"Reference: AT160850016000010070500"," 6.75","BOOTS THE CHEMIST LONDON","MERCHANDISE Process Date 24/03/2016  MERCHANDISE",
24/03/2016,"Reference: AT160850016000010063550"," 5.12","HOLLAND & BARRETT LEADE LONDON"," Process Date 24/03/2016",
24/03/2016,"Reference: AT160850016000010096544"," 5.08","TESCO STORES 2097 LONDON"," Process Date 25/03/2016",
25/03/2016,"Reference: AT160860010000010053195"," 47.56","CO-OP PETROL LEATHER HE LEATHERHEAD","THE COOPERATIVE Process Date 25/03/2016  THE COOPERATIVE",
26/03/2016,"Reference: AT160870010000010065398"," 10.99","AMAZON UK MARKETPLACE 800-279-6620"," Process Date 26/03/2016",
26/03/2016,"Reference: AT160870010000010053666"," 326.40","IKEA CROYDON CROYDON","HOME FURNISHINGS Process Date 26/03/2016  HOME FURNISHINGS",
26/03/2016,"Reference: AT160870010000010074276"," 3.72","WAITROSE CHEAM SUTTON","559 Cheam Process Date 27/03/2016  559 Cheam",
27/03/2016,"Reference: AT160870041000010002709"," 20.00","AMAZON UK MARKETPLACE 800-279-6620"," Process Date 27/03/2016",
28/03/2016,"Reference: AT160890019000010064705"," 18.02","LOWER MORDEN GARDEN CEN MORDEN","GOODS Process Date 28/03/2016  GOODS",
28/03/2016,"Reference: AT160890019000010066303"," 21.24","SUTTON WICKES SUTTON","Wickes - 8482 Sutton Process Date 28/03/2016  Wickes - 8482 Sutton",
29/03/2016,"Reference: AT160900019000010076095"," 6.85","LEON (SPITALFIELDS) LONDON"," Process Date 29/03/2016",
29/03/2016,"Reference: AT160900019000010089879"," 2.53","TESCO SELF SERVICE LONDON"," Process Date 30/03/2016",
30/03/2016,"Reference: AT160910021000010081072"," 3.99","PLANET ORGANIC DEVONSHI LONDON","BUREAU Process Date 30/03/2016  BUREAU",
30/03/2016,"Reference: AT160910021000010089261"," 0.53","TESCO SELF SERVICE LONDON"," Process Date 31/03/2016",
31/03/2016,"Reference: AT160910059000010003576"," 110.00","AMAZON UK MARKETPLACE 800-279-6620"," Process Date 31/03/2016",
31/03/2016,"Reference: AT160920029000010086126"," 45.00","HONEST BURGERS LIVERPOO LONDON"," Process Date 01/04/2016",
31/03/2016,"Reference: AT160910068000010023579"," -512.56","PAYMENT RECEIVED - THANK YOU"," Process Date 31/03/2016",
31/03/2016,"Reference: AT160920029000010076800"," 20.40","PIZZAEXPRESS RESTAURANT SUTTON","PizzaExpress - 3286 - Cheam Process Date 31/03/2016  PizzaExpress - 3286 - Cheam",
31/03/2016,"Reference: AT160920029000010093016"," 0.53","TESCO SELF SERVICE LONDON"," Process Date 01/04/2016",
01/04/2016,"Reference: AT160930010000010070597"," 6.85","LEON (SPITALFIELDS) LONDON"," Process Date 01/04/2016",
01/04/2016,"Reference: AT160930010000010089705"," 0.53","TESCO SELF SERVICE LONDON"," Process Date 02/04/2016",
02/04/2016,"Reference: AT160940010000010090081"," 39.27","WM MORRISONS STORES SUTTON"," Process Date 02/04/2016",
03/04/2016,"Reference: AT160950019000010072003"," 9.99","AMAZON UK RETAIL AMAZON.CO.UK"," Process Date 03/04/2016",
04/04/2016,"Reference: AT160950073000010007161"," 5.97","AMAZON UK MARKETPLACE 800-279-6620"," Process Date 04/04/2016",
04/04/2016,"Reference: AT160950073000010005073"," 5.00","AMAZON UK RETAIL AMAZON.CO.UK"," Process Date 04/04/2016",
04/04/2016,"Reference: AT160960019000010086154"," 6.30","CHILANGOS LONDON","GOODS OR SERVICES Process Date 04/04/2016  GOODS OR SERVICES",
04/04/2016,"Reference: AT160960019000010092484"," 2.53","TESCO SELF SERVICE LONDON"," Process Date 05/04/2016",
05/04/2016,"Reference: AT160970021000010081286"," 30.00","HONEST BURGERS LIVERPOO LONDON"," Process Date 06/04/2016",
05/04/2016,"Reference: AT160970021000010086516"," 0.53","TESCO SELF SERVICE LONDON"," Process Date 06/04/2016",
06/04/2016,"Reference: AT160970073000010004713"," 124.99","AMAZON UK MARKETPLACE 800-279-6620"," Process Date 06/04/2016",
06/04/2016,"Reference: AT160980013000010086854"," 0.53","TESCO SELF SERVICE LONDON"," Process Date 07/04/2016",
07/04/2016,"Reference: AT160990019000010080759"," 47.19","LA CHAPELLE LONDON"," Process Date 07/04/2016",
07/04/2016,"Reference: AT160990019000010091110"," 3.01","TESCO SELF SERVICE LONDON"," Process Date 08/04/2016",
08/04/2016,"Reference: AT161000010000010079908"," 6.85","LEON (SPITALFIELDS) LONDON"," Process Date 08/04/2016",
08/04/2016,"Reference: AT161020001000010011090"," -412.94","PAYMENT RECEIVED - THANK YOU"," Process Date 11/04/2016",
08/04/2016,"Reference: AT161000010000010057812"," 5.30","SAINSBURY'S SUPERMARKET MORDEN"," Process Date 08/04/2016",
08/04/2016,"Reference: AT161000010000010091831"," 1.79","TESCO SELF SERVICE LONDON"," Process Date 09/04/2016",
09/04/2016,"Reference: AT161010010000010091676"," 5.25","TESCO SELF SERVICE SUTTON"," Process Date 10/04/2016",
10/04/2016,"Reference: AT161020021000010097711"," 195.45","PAYPAL*PAYPAL *SECRET E LONDON"," Process Date 11/04/2016",
10/04/2016,"Reference: AT161020021000010082937"," 7.53","TESCO STORES 2259 SUTTON"," Process Date 11/04/2016",
11/04/2016,"Reference: AT161020075000010006840"," 54.98","AMAZON UK MARKETPLACE 800-279-6620"," Process Date 11/04/2016",
11/04/2016,"Reference: AT161020075000010006933"," 5.99","AMAZON UK MARKETPLACE 800-279-6620"," Process Date 11/04/2016",
11/04/2016,"Reference: AT161030017000010097234"," 5.00","MARKS & SPENCER PLCWATE LONDON"," Process Date 12/04/2016",
11/04/2016,"Reference: AT161030017000010087496"," 3.58","TESCO SELF SERVICE LONDON"," Process Date 12/04/2016",
12/04/2016,"Reference: AT161040015000010071350"," 7.63","BOOTS THE CHEMIST LONDON","MERCHANDISE Process Date 12/04/2016  MERCHANDISE",
12/04/2016,"Reference: AT161040015000010084291"," 6.85","LEON (SPITALFIELDS) LONDON"," Process Date 12/04/2016",
12/04/2016,"Reference: AT161040015000010092715"," 1.53","TESCO SELF SERVICE LONDON"," Process Date 13/04/2016",
13/04/2016,"Reference: AT161050017000010077192"," 30.99","AMAZON UK RETAIL AMAZON.CO.UK"," Process Date 13/04/2016",
13/04/2016,"Reference: AT161050017000010065549"," 13.38","WAITROSE CHEAM SUTTON","559 Cheam Process Date 13/04/2016  559 Cheam",
14/04/2016,"Reference: AT161060015000010084479"," 24.35","PIZZAEXPRESS RESTAURANT SUTTON","PizzaExpress - 3286 - Cheam Process Date 14/04/2016  PizzaExpress - 3286 - Cheam",
14/04/2016,"Reference: AT161060015000010068529"," 12.43","WAITROSE CHEAM SUTTON","559 Cheam Process Date 14/04/2016  559 Cheam",
15/04/2016,"Reference: AT161070010000010092783"," 2.53","TESCO SELF SERVICE LONDON"," Process Date 16/04/2016",
15/04/2016,"Reference: AT161070010000010069237"," 4.57","WAITROSE CHEAM SUTTON","559 Cheam Process Date 15/04/2016  559 Cheam",
15/04/2016,"Reference: AT161070010000010063476"," 0.89","WH SMITH LONDON BRIDGE LONDON","STATIONERY Process Date 15/04/2016  STATIONERY",
16/04/2016,"Reference: AT161080009000010092905"," 7.50","TESCO SELF SERVICE SUTTON"," Process Date 17/04/2016",
16/04/2016,"Reference: AT161080009000010092901"," 16.80","TESCO STORES 3235 SUTTON"," Process Date 17/04/2016",
17/04/2016,"Reference: AT161090019000010058361"," 4.50","COSTA COFFEE - CHEAM SURREY"," Process Date 17/04/2016",
17/04/2016,"Reference: AT161090001000010025991"," -439.08","PAYMENT RECEIVED - THANK YOU"," Process Date 18/04/2016",
18/04/2016,"Reference: AT161100021000010090827"," 5.21","TESCO STORES 2097 LONDON"," Process Date 19/04/2016",
